N,paper_meets_floor,matched_cost_rate_improvement_pct,matched_cost_fidelity_delta,budget_relaxed_rate_improvement_pct,budget_relaxed_cost_ratio,budget_relaxed_fidelity_delta,link_level_cost,link_level_fidelity,link_level_meets_floor,link_level_rate,budget_relaxed_vs_link_level_rate_improvement_pct
2,True,5.548785075946094,-0.05013390170646703,20.494233238707118,0.2,-0.025748431059887666,8,0.973340497819143,True,47420.354077349955,5.439955000003227
4,True,0.3397735957274328,-0.0020862836412955943,44.788264399441815,0.2,-0.049273311457124325,16,0.948083443808627,True,22486.899808212405,11.175841104027096
6,True,0.8197814878759146,-0.00465638472922536,60.21410741722348,0.3,-0.053392724333562125,24,0.9241545727417048,True,14217.823346764335,8.26992049085531
8,True,1.5371306987220112,-0.008211390006888641,67.60138358979412,0.4,-0.043046772105365005,32,0.9014835523857077,True,10113.213259691664,0.0
10,True,2.520184658003166,-0.012720445687848914,65.5153444461616,0.5,-0.02482090062841369,60,0.9342974445079805,True,5877.417531168587,14.219809325987477
14,False,-6.593128762564781,0.01482510342381893,68.5710027979441,0.5857142857142857,0.007715602820131062,84,0.9104325021226221,True,3394.166369296794,2.7019618306796778
18,False,-87.79643035897791,-0.03908937711754423,82.97113925691164,0.6,0.0262517091716844,72,0.8047845544022636,False,3448.899884880774,-38.115386003024334
